id,parent_id,is_periodic_copy,shift_x_um,shift_y_um,x_um,y_um,r_um,diameter_um,x_mm,y_mm,r_mm,diameter_mm
1,1,False,0.0,0.0,81.3969482703722,73.07593626443048,3.5,7.0,0.08139694827037221,0.07307593626443049,0.0035,0.007
2,2,False,0.0,0.0,160.7465097125878,32.76247560831438,3.5,7.0,0.1607465097125878,0.032762475608314384,0.0035,0.007
3,3,False,0.0,0.0,107.01250300770973,39.13689025943443,3.5,7.0,0.10701250300770973,0.03913689025943443,0.0035,0.007
4,4,False,0.0,0.0,161.60375357648968,170.0380264954909,3.5,7.0,0.16160375357648968,0.1700380264954909,0.0035,0.007
5,5,False,0.0,0.0,19.602453433030533,142.97386491284166,3.5,7.0,0.019602453433030534,0.14297386491284167,0.0035,0.007
6,6,False,0.0,0.0,2.861195594243808,129.16944136986896,3.5,7.0,0.0028611955942438078,0.12916944136986896,0.0035,0.007
7,6,True,175.0,0.0,177.8611955942438,129.16944136986896,3.5,7.0,0.17786119559424382,0.12916944136986896,0.0035,0.007
8,7,False,0.0,0.0,78.4811186077835,123.86852545030143,3.5,7.0,0.0784811186077835,0.12386852545030143,0.0035,0.007
9,8,False,0.0,0.0,33.975929045603415,31.339103434924215,3.5,7.0,0.03397592904560341,0.031339103434924215,0.0035,0.007
10,9,False,0.0,0.0,107.15147100018704,76.12451098368929,3.5,7.0,0.10715147100018704,0.07612451098368929,0.0035,0.007
11,10,False,0.0,0.0,7.068459074516288,150.2793040653907,3.5,7.0,0.007068459074516288,0.1502793040653907,0.0035,0.007
12,11,False,0.0,0.0,77.25491065154064,1.8094748021730054,3.5,7.0,0.07725491065154064,0.0018094748021730055,0.0035,0.007
13,11,True,0.0,175.0,77.25491065154064,176.809474802173,3.5,7.0,0.07725491065154064,0.17680947480217302,0.0035,0.007
14,12,False,0.0,0.0,46.57865037612338,130.25186147973506,3.5,7.0,0.046578650376123375,0.13025186147973505,0.0035,0.007
15,13,False,0.0,0.0,7.20534791312822,111.29593148059372,3.5,7.0,0.00720534791312822,0.11129593148059372,0.0035,0.007
16,14,False,0.0,0.0,60.62632332079,132.1718128997611,3.5,7.0,0.06062632332079,0.1321718128997611,0.0035,0.007
17,15,False,0.0,0.0,28.603281492908092,0.6293653426066215,3.5,7.0,0.02860328149290809,0.0006293653426066215,0.0035,0.007
18,15,True,0.0,175.0,28.603281492908092,175.62936534260663,3.5,7.0,0.02860328149290809,0.17562936534260662,0.0035,0.007
19,16,False,0.0,0.0,1.5571177987404328,46.42871004028983,3.5,7.0,0.0015571177987404327,0.04642871004028983,0.0035,0.007
20,16,True,175.0,0.0,176.55711779874042,46.42871004028983,3.5,7.0,0.17655711779874042,0.04642871004028983,0.0035,0.007
21,17,False,0.0,0.0,102.77583010702372,173.57772935608628,3.5,7.0,0.10277583010702372,0.17357772935608629,0.0035,0.007
22,17,True,0.0,-175.0,102.77583010702372,-1.4222706439137198,3.5,7.0,0.10277583010702372,-0.0014222706439137199,0.0035,0.007
23,18,False,0.0,0.0,51.3972607221596,51.791457463292026,3.5,7.0,0.0513972607221596,0.05179145746329203,0.0035,0.007
24,19,False,0.0,0.0,7.085593769597913,91.60480525550476,3.5,7.0,0.007085593769597913,0.09160480525550475,0.0035,0.007
25,20,False,0.0,0.0,71.56117229874529,148.92812309055282,3.5,7.0,0.07156117229874528,0.1489281230905528,0.0035,0.007
26,21,False,0.0,0.0,153.1017694939661,40.63115207382006,3.5,7.0,0.1531017694939661,0.04063115207382006,0.0035,0.007
27,22,False,0.0,0.0,33.99434470763019,17.019709916049727,3.5,7.0,0.03399434470763019,0.017019709916049727,0.0035,0.007
28,23,False,0.0,0.0,25.726925481285516,83.31254962794505,3.5,7.0,0.025726925481285516,0.08331254962794504,0.0035,0.007
29,24,False,0.0,0.0,56.082719597874835,83.91176802320379,3.5,7.0,0.056082719597874836,0.0839117680232038,0.0035,0.007
30,25,False,0.0,0.0,73.2614806462533,7.8917448872597795,3.5,7.0,0.0732614806462533,0.007891744887259779,0.0035,0.007
31,26,False,0.0,0.0,10.440145870370339,117.79991027031144,3.5,7.0,0.010440145870370338,0.11779991027031145,0.0035,0.007
32,27,False,0.0,0.0,86.7357426940977,68.08007658560567,3.5,7.0,0.0867357426940977,0.06808007658560566,0.0035,0.007
33,28,False,0.0,0.0,18.58949570040409,56.701585002294614,3.5,7.0,0.01858949570040409,0.056701585002294615,0.0035,0.007
34,29,False,0.0,0.0,114.41434289458273,158.87699317827378,3.5,7.0,0.11441434289458273,0.15887699317827378,0.0035,0.007
35,30,False,0.0,0.0,40.88961975704839,14.48089443957865,3.5,7.0,0.04088961975704839,0.01448089443957865,0.0035,0.007
36,31,False,0.0,0.0,19.681147241463144,151.95693260257738,3.5,7.0,0.019681147241463144,0.1519569326025774,0.0035,0.007
37,32,False,0.0,0.0,79.92911460441752,150.45882668114837,3.5,7.0,0.07992911460441753,0.15045882668114838,0.0035,0.007
38,33,False,0.0,0.0,84.48847457246714,15.180425367186812,3.5,7.0,0.08448847457246714,0.015180425367186811,0.0035,0.007
39,34,False,0.0,0.0,116.76431799844848,50.20384585534994,3.5,7.0,0.11676431799844847,0.05020384585534994,0.0035,0.007
40,35,False,0.0,0.0,123.72986208037189,163.98198339241583,3.5,7.0,0.12372986208037189,0.16398198339241582,0.0035,0.007
41,36,False,0.0,0.0,173.7832405731516,39.63672536422584,3.5,7.0,0.17378324057315161,0.03963672536422584,0.0035,0.007
42,36,True,-175.0,0.0,-1.216759426848398,39.63672536422584,3.5,7.0,-0.0012167594268483982,0.03963672536422584,0.0035,0.007
43,37,False,0.0,0.0,156.71598705072236,66.74448995750772,3.5,7.0,0.15671598705072237,0.06674448995750773,0.0035,0.007
44,38,False,0.0,0.0,88.10131017624583,136.8610846558744,3.5,7.0,0.08810131017624583,0.1368610846558744,0.0035,0.007
45,39,False,0.0,0.0,141.02040120456763,2.284648615632595,3.5,7.0,0.14102040120456763,0.002284648615632595,0.0035,0.007
46,39,True,0.0,175.0,141.02040120456763,177.2846486156326,3.5,7.0,0.14102040120456763,0.1772846486156326,0.0035,0.007
47,40,False,0.0,0.0,107.65233357917208,119.35982949490484,3.5,7.0,0.10765233357917207,0.11935982949490484,0.0035,0.007
48,41,False,0.0,0.0,160.4775461079419,60.57496093571667,3.5,7.0,0.1604775461079419,0.06057496093571667,0.0035,0.007
49,42,False,0.0,0.0,104.88244592161973,136.77050123646356,3.5,7.0,0.10488244592161973,0.13677050123646356,0.0035,0.007
50,43,False,0.0,0.0,52.154253193753355,77.8133271002589,3.5,7.0,0.05215425319375336,0.0778133271002589,0.0035,0.007
51,44,False,0.0,0.0,159.0635044537773,93.9981167544162,3.5,7.0,0.15906350445377732,0.0939981167544162,0.0035,0.007
52,45,False,0.0,0.0,19.811125784154633,29.638182735808666,3.5,7.0,0.019811125784154632,0.029638182735808666,0.0035,0.007
53,46,False,0.0,0.0,70.9991914837769,111.4314177656097,3.5,7.0,0.0709991914837769,0.11143141776560969,0.0035,0.007
54,47,False,0.0,0.0,88.48014155596101,75.15979463846824,3.5,7.0,0.08848014155596101,0.07515979463846824,0.0035,0.007
55,48,False,0.0,0.0,142.7880804743714,9.317053121379587,3.5,7.0,0.14278808047437141,0.009317053121379587,0.0035,0.007
56,49,False,0.0,0.0,44.45225017261731,142.36850912697065,3.5,7.0,0.044452250172617315,0.14236850912697066,0.0035,0.007
57,50,False,0.0,0.0,45.35371718639228,99.78734716859748,3.5,7.0,0.04535371718639228,0.09978734716859748,0.0035,0.007
58,51,False,0.0,0.0,0.9603432689193118,75.1363637047319,3.5,7.0,0.0009603432689193117,0.07513636370473191,0.0035,0.007
59,51,True,175.0,0.0,175.9603432689193,75.1363637047319,3.5,7.0,0.1759603432689193,0.07513636370473191,0.0035,0.007
60,52,False,0.0,0.0,168.06102463259685,166.67835501165723,3.5,7.0,0.16806102463259687,0.16667835501165723,0.0035,0.007
61,53,False,0.0,0.0,98.10891033762141,133.4124068287778,3.5,7.0,0.09810891033762141,0.13341240682877778,0.0035,0.007
62,54,False,0.0,0.0,109.42433847545719,101.38390864862036,3.5,7.0,0.1094243384754572,0.10138390864862036,0.0035,0.007
63,55,False,0.0,0.0,88.0645085307794,33.778031008345145,3.5,7.0,0.0880645085307794,0.033778031008345144,0.0035,0.007
64,56,False,0.0,0.0,10.420098293397443,4.786292596376947,3.5,7.0,0.010420098293397443,0.004786292596376947,0.0035,0.007
65,57,False,0.0,0.0,10.525996665691466,97.95252504227977,3.5,7.0,0.010525996665691466,0.09795252504227978,0.0035,0.007
66,58,False,0.0,0.0,35.86024129725648,116.78816352175497,3.5,7.0,0.03586024129725648,0.11678816352175497,0.0035,0.007
67,59,False,0.0,0.0,13.492940830659776,88.23925336429171,3.5,7.0,0.013492940830659777,0.08823925336429171,0.0035,0.007
68,60,False,0.0,0.0,64.12163922160694,149.93982556794384,3.5,7.0,0.06412163922160694,0.14993982556794383,0.0035,0.007
69,61,False,0.0,0.0,85.13769097171736,111.42041640104652,3.5,7.0,0.08513769097171736,0.11142041640104652,0.0035,0.007
70,62,False,0.0,0.0,99.19801585612026,65.1353049662562,3.5,7.0,0.09919801585612026,0.0651353049662562,0.0035,0.007
71,63,False,0.0,0.0,163.80667341248198,50.29759557737361,3.5,7.0,0.16380667341248198,0.050297595577373615,0.0035,0.007
72,64,False,0.0,0.0,156.35480599981676,82.97855797947841,3.5,7.0,0.15635480599981677,0.08297855797947841,0.0035,0.007
73,65,False,0.0,0.0,168.7147985198243,159.3881887937611,3.5,7.0,0.16871479851982432,0.1593881887937611,0.0035,0.007
74,66,False,0.0,0.0,59.812783333784964,31.868123090332222,3.5,7.0,0.059812783333784966,0.03186812309033222,0.0035,0.007
75,67,False,0.0,0.0,169.60802191691428,16.842366854642503,3.5,7.0,0.1696080219169143,0.016842366854642504,0.0035,0.007
76,68,False,0.0,0.0,59.79999542922392,64.72339379937056,3.5,7.0,0.05979999542922392,0.06472339379937056,0.0035,0.007
77,69,False,0.0,0.0,44.22122862487233,52.21854909616518,3.5,7.0,0.04422122862487233,0.052218549096165176,0.0035,0.007
78,70,False,0.0,0.0,174.41554967260913,170.27831530013498,3.5,7.0,0.17441554967260914,0.17027831530013499,0.0035,0.007
79,70,True,-175.0,0.0,-0.5844503273908686,170.27831530013498,3.5,7.0,-0.0005844503273908686,0.17027831530013499,0.0035,0.007
80,71,False,0.0,0.0,10.121520428338954,30.450821532176853,3.5,7.0,0.010121520428338955,0.030450821532176854,0.0035,0.007
81,72,False,0.0,0.0,48.76865978274651,12.867037748017657,3.5,7.0,0.04876865978274651,0.012867037748017656,0.0035,0.007
82,73,False,0.0,0.0,146.9870575272704,97.7571198150771,3.5,7.0,0.1469870575272704,0.0977571198150771,0.0035,0.007
83,74,False,0.0,0.0,31.78539596778748,135.49145461975277,3.5,7.0,0.03178539596778748,0.13549145461975276,0.0035,0.007
84,75,False,0.0,0.0,172.84879776451527,141.2394653207796,3.5,7.0,0.17284879776451526,0.1412394653207796,0.0035,0.007
85,75,True,-175.0,0.0,-2.1512022354847318,141.2394653207796,3.5,7.0,-0.0021512022354847316,0.1412394653207796,0.0035,0.007
86,76,False,0.0,0.0,121.25966185351737,44.41181863748116,3.5,7.0,0.12125966185351737,0.044411818637481164,0.0035,0.007
87,77,False,0.0,0.0,39.883850631249835,24.02163155217027,3.5,7.0,0.039883850631249836,0.02402163155217027,0.0035,0.007
88,78,False,0.0,0.0,17.774985887143657,128.55052214586215,3.5,7.0,0.017774985887143657,0.12855052214586216,0.0035,0.007
89,79,False,0.0,0.0,2.934086330116777,27.668266060995915,3.5,7.0,0.002934086330116777,0.027668266060995914,0.0035,0.007
90,79,True,175.0,0.0,177.93408633011677,27.668266060995915,3.5,7.0,0.17793408633011676,0.027668266060995914,0.0035,0.007
91,80,False,0.0,0.0,67.9182642183914,132.01031138967554,3.5,7.0,0.0679182642183914,0.13201031138967553,0.0035,0.007
92,81,False,0.0,0.0,166.28304447556403,137.42581976114536,3.5,7.0,0.16628304447556402,0.13742581976114537,0.0035,0.007
93,82,False,0.0,0.0,109.13676168938198,83.1762833744616,3.5,7.0,0.10913676168938198,0.0831762833744616,0.0035,0.007
94,83,False,0.0,0.0,3.192605814077135,85.39445614847972,3.5,7.0,0.003192605814077135,0.08539445614847972,0.0035,0.007
95,83,True,175.0,0.0,178.19260581407713,85.39445614847972,3.5,7.0,0.17819260581407712,0.08539445614847972,0.0035,0.007
96,84,False,0.0,0.0,125.58052479632218,156.76078292603287,3.5,7.0,0.12558052479632217,0.15676078292603288,0.0035,0.007
97,85,False,0.0,0.0,64.64257466885383,104.42593563869008,3.5,7.0,0.06464257466885383,0.10442593563869008,0.0035,0.007
98,86,False,0.0,0.0,172.83247546152504,4.303895944551675,3.5,7.0,0.17283247546152503,0.004303895944551675,0.0035,0.007
99,86,True,-175.0,0.0,-2.1675245384749644,4.303895944551675,3.5,7.0,-0.0021675245384749644,0.004303895944551675,0.0035,0.007
100,87,False,0.0,0.0,41.71331774605741,72.13445006339985,3.5,7.0,0.04171331774605741,0.07213445006339986,0.0035,0.007
101,88,False,0.0,0.0,4.244194073140705,0.6899405152930066,3.5,7.0,0.004244194073140705,0.0006899405152930066,0.0035,0.007
102,88,True,0.0,175.0,4.244194073140705,175.68994051529302,3.5,7.0,0.004244194073140705,0.17568994051529302,0.0035,0.007
103,89,False,0.0,0.0,42.90140317763632,0.07312171975679303,3.5,7.0,0.04290140317763632,7.312171975679303e-05,0.0035,0.007
104,89,True,0.0,175.0,42.90140317763632,175.07312171975678,3.5,7.0,0.04290140317763632,0.17507312171975678,0.0035,0.007
105,90,False,0.0,0.0,19.89877161170728,163.66126516430873,3.5,7.0,0.019898771611707278,0.16366126516430873,0.0035,0.007
106,91,False,0.0,0.0,124.83815367638572,80.85156927090486,3.5,7.0,0.12483815367638572,0.08085156927090487,0.0035,0.007
107,92,False,0.0,0.0,132.9491709616852,69.17543762091158,3.5,7.0,0.1329491709616852,0.06917543762091158,0.0035,0.007
108,93,False,0.0,0.0,101.36750011436114,33.32157331773076,3.5,7.0,0.10136750011436113,0.03332157331773076,0.0035,0.007
109,94,False,0.0,0.0,86.74943420809309,104.24924093540044,3.5,7.0,0.0867494342080931,0.10424924093540043,0.0035,0.007
110,95,False,0.0,0.0,84.53184588579028,2.6870008305822966,3.5,7.0,0.08453184588579027,0.0026870008305822967,0.0035,0.007
111,95,True,0.0,175.0,84.53184588579028,177.6870008305823,3.5,7.0,0.08453184588579027,0.17768700083058228,0.0035,0.007
112,96,False,0.0,0.0,161.9289183324439,5.6329614984427625,3.5,7.0,0.1619289183324439,0.0056329614984427625,0.0035,0.007
113,97,False,0.0,0.0,151.41945305390698,170.629778143703,3.5,7.0,0.15141945305390697,0.170629778143703,0.0035,0.007
114,98,False,0.0,0.0,147.71439741846356,164.30547052291902,3.5,7.0,0.14771439741846357,0.16430547052291902,0.0035,0.007
115,99,False,0.0,0.0,88.37335640555678,8.98980058333049,3.5,7.0,0.08837335640555678,0.00898980058333049,0.0035,0.007
116,100,False,0.0,0.0,114.83437399261834,6.469118628769909,3.5,7.0,0.11483437399261834,0.006469118628769909,0.0035,0.007
117,101,False,0.0,0.0,118.70538649689254,67.27946164500926,3.5,7.0,0.11870538649689254,0.06727946164500927,0.0035,0.007
118,102,False,0.0,0.0,85.71287568018005,125.62520762415488,3.5,7.0,0.08571287568018005,0.12562520762415488,0.0035,0.007
119,103,False,0.0,0.0,90.33248958551874,152.14818091483312,3.5,7.0,0.09033248958551875,0.15214818091483312,0.0035,0.007
120,104,False,0.0,0.0,34.75782934838556,84.83765013503468,3.5,7.0,0.03475782934838556,0.08483765013503468,0.0035,0.007
121,105,False,0.0,0.0,139.24757877082632,31.206885217490292,3.5,7.0,0.13924757877082633,0.031206885217490293,0.0035,0.007
122,106,False,0.0,0.0,109.67993395465989,169.34330110149455,3.5,7.0,0.10967993395465989,0.16934330110149454,0.0035,0.007
123,107,False,0.0,0.0,166.7397408001053,56.99608668648946,3.5,7.0,0.16673974080010528,0.056996086686489464,0.0035,0.007
124,108,False,0.0,0.0,76.16550753262908,78.06091401862491,3.5,7.0,0.07616550753262907,0.07806091401862492,0.0035,0.007
125,109,False,0.0,0.0,39.23666213924217,130.85840323633218,3.5,7.0,0.03923666213924217,0.1308584032363322,0.0035,0.007
126,110,False,0.0,0.0,96.00511948274266,77.75105562787039,3.5,7.0,0.09600511948274265,0.07775105562787038,0.0035,0.007
127,111,False,0.0,0.0,55.13174789607955,16.85252648553533,3.5,7.0,0.05513174789607955,0.016852526485535327,0.0035,0.007
128,112,False,0.0,0.0,55.12324942301134,58.04214293919981,3.5,7.0,0.05512324942301134,0.05804214293919981,0.0035,0.007
129,113,False,0.0,0.0,123.0287751682866,114.66155971290871,3.5,7.0,0.1230287751682866,0.11466155971290871,0.0035,0.007
130,114,False,0.0,0.0,68.58557088735579,65.88906454563627,3.5,7.0,0.06858557088735578,0.06588906454563627,0.0035,0.007
131,115,False,0.0,0.0,37.73870472959045,78.1467362803019,3.5,7.0,0.037738704729590455,0.0781467362803019,0.0035,0.007
132,116,False,0.0,0.0,127.38618936247516,7.6112586544628185,3.5,7.0,0.12738618936247517,0.007611258654462818,0.0035,0.007
133,117,False,0.0,0.0,110.09166195478313,15.436808598293075,3.5,7.0,0.11009166195478313,0.015436808598293075,0.0035,0.007
134,118,False,0.0,0.0,148.88186014402845,85.72852910635443,3.5,7.0,0.14888186014402846,0.08572852910635442,0.0035,0.007
135,119,False,0.0,0.0,157.40474420707366,113.83293498912734,3.5,7.0,0.15740474420707365,0.11383293498912733,0.0035,0.007
136,120,False,0.0,0.0,18.941476247208957,49.40846589727482,3.5,7.0,0.018941476247208957,0.04940846589727482,0.0035,0.007
137,121,False,0.0,0.0,58.33889556445999,121.40636860122362,3.5,7.0,0.05833889556445999,0.12140636860122361,0.0035,0.007
138,122,False,0.0,0.0,121.97239454473373,17.95340108483965,3.5,7.0,0.12197239454473373,0.01795340108483965,0.0035,0.007
139,123,False,0.0,0.0,95.5210800651495,87.08048110102543,3.5,7.0,0.0955210800651495,0.08708048110102543,0.0035,0.007
140,124,False,0.0,0.0,154.73511911299607,106.73100758004307,3.5,7.0,0.15473511911299606,0.10673100758004307,0.0035,0.007
141,125,False,0.0,0.0,107.07220581492555,108.30529457920842,3.5,7.0,0.10707220581492555,0.10830529457920843,0.0035,0.007
142,126,False,0.0,0.0,51.26743291235829,139.75961360505832,3.5,7.0,0.05126743291235829,0.1397596136050583,0.0035,0.007
143,127,False,0.0,0.0,100.88410496226714,72.28865523973406,3.5,7.0,0.10088410496226714,0.07228865523973406,0.0035,0.007
144,128,False,0.0,0.0,5.05001918984533,67.60760158613368,3.5,7.0,0.005050019189845331,0.06760760158613369,0.0035,0.007
145,129,False,0.0,0.0,16.04011509305932,42.79913215582651,3.5,7.0,0.01604011509305932,0.042799132155826515,0.0035,0.007
146,130,False,0.0,0.0,83.20589946285254,80.16517443860104,3.5,7.0,0.08320589946285255,0.08016517443860104,0.0035,0.007
147,131,False,0.0,0.0,61.084150799877996,12.524759449929784,3.5,7.0,0.061084150799877994,0.012524759449929784,0.0035,0.007
148,132,False,0.0,0.0,106.32810938104775,128.76337505071407,3.5,7.0,0.10632810938104775,0.12876337505071409,0.0035,0.007
149,133,False,0.0,0.0,38.18627994158711,154.53164947236561,3.5,7.0,0.03818627994158711,0.1545316494723656,0.0035,0.007
150,134,False,0.0,0.0,66.51436688039728,26.017316236098285,3.5,7.0,0.06651436688039727,0.026017316236098285,0.0035,0.007
151,135,False,0.0,0.0,135.23899580654634,19.91730296938965,3.5,7.0,0.13523899580654633,0.01991730296938965,0.0035,0.007
152,136,False,0.0,0.0,107.7825366274664,162.16648639072343,3.5,7.0,0.1077825366274664,0.16216648639072342,0.0035,0.007
153,137,False,0.0,0.0,41.95483296374879,85.93833480285646,3.5,7.0,0.041954832963748794,0.08593833480285645,0.0035,0.007
154,138,False,0.0,0.0,148.6273932468999,21.116105499636195,3.5,7.0,0.1486273932468999,0.021116105499636193,0.0035,0.007
155,139,False,0.0,0.0,119.51571299410736,144.94066845776942,3.5,7.0,0.11951571299410736,0.14494066845776943,0.0035,0.007
156,140,False,0.0,0.0,63.780357812004596,91.38484733590931,3.5,7.0,0.0637803578120046,0.09138484733590932,0.0035,0.007
157,141,False,0.0,0.0,59.44854015039234,24.59822016328927,3.5,7.0,0.05944854015039234,0.024598220163289268,0.0035,0.007
158,142,False,0.0,0.0,143.07562864020204,170.02726585249187,3.5,7.0,0.14307562864020204,0.17002726585249187,0.0035,0.007
159,143,False,0.0,0.0,95.95374328642117,170.82607289789763,3.5,7.0,0.09595374328642117,0.17082607289789764,0.0035,0.007
160,144,False,0.0,0.0,172.71520170129514,68.50264591254891,3.5,7.0,0.17271520170129515,0.06850264591254891,0.0035,0.007
161,144,True,-175.0,0.0,-2.2847982987048567,68.50264591254891,3.5,7.0,-0.0022847982987048566,0.06850264591254891,0.0035,0.007
162,145,False,0.0,0.0,70.81644733522049,83.5938810150926,3.5,7.0,0.0708164473352205,0.0835938810150926,0.0035,0.007
163,146,False,0.0,0.0,81.44005655832201,170.80791298904194,3.5,7.0,0.08144005655832201,0.17080791298904194,0.0035,0.007
164,147,False,0.0,0.0,94.17550494714244,143.47091407581956,3.5,7.0,0.09417550494714244,0.14347091407581958,0.0035,0.007
165,148,False,0.0,0.0,40.66921704819568,58.49999152069566,3.5,7.0,0.04066921704819568,0.05849999152069566,0.0035,0.007
166,149,False,0.0,0.0,13.873232837494744,147.6678333594765,3.5,7.0,0.013873232837494743,0.1476678333594765,0.0035,0.007
167,150,False,0.0,0.0,60.3200302057875,39.218605078216584,3.5,7.0,0.0603200302057875,0.03921860507821658,0.0035,0.007
168,151,False,0.0,0.0,85.14474508438789,40.575909517186574,3.5,7.0,0.0851447450843879,0.04057590951718657,0.0035,0.007
169,152,False,0.0,0.0,122.00507651616562,37.14519894775924,3.5,7.0,0.12200507651616561,0.03714519894775924,0.0035,0.007
170,153,False,0.0,0.0,105.22718604395585,59.95112560274668,3.5,7.0,0.10522718604395585,0.05995112560274668,0.0035,0.007
171,154,False,0.0,0.0,174.93605501638473,148.3990371204397,3.5,7.0,0.17493605501638473,0.1483990371204397,0.0035,0.007
172,154,True,-175.0,0.0,-0.06394498361527212,148.3990371204397,3.5,7.0,-6.394498361527213e-05,0.1483990371204397,0.0035,0.007
173,155,False,0.0,0.0,29.14419479133638,37.00890177772537,3.5,7.0,0.029144194791336377,0.03700890177772537,0.0035,0.007
174,156,False,0.0,0.0,25.223675704590793,130.36649173956445,3.5,7.0,0.025223675704590793,0.13036649173956444,0.0035,0.007
175,157,False,0.0,0.0,54.981156841254844,45.34649308272291,3.5,7.0,0.05498115684125485,0.045346493082722907,0.0035,0.007
176,158,False,0.0,0.0,166.96007349289687,37.17114299887902,3.5,7.0,0.16696007349289688,0.03717114299887902,0.0035,0.007
177,159,False,0.0,0.0,118.07018311955323,130.40974597565025,3.5,7.0,0.11807018311955324,0.13040974597565025,0.0035,0.007
178,160,False,0.0,0.0,0.7686970533580622,20.67200595968216,3.5,7.0,0.0007686970533580622,0.02067200595968216,0.0035,0.007
179,160,True,175.0,0.0,175.76869705335807,20.67200595968216,3.5,7.0,0.17576869705335807,0.02067200595968216,0.0035,0.007
180,161,False,0.0,0.0,44.67233935241009,92.6263221679786,3.5,7.0,0.04467233935241009,0.0926263221679786,0.0035,0.007
181,162,False,0.0,0.0,65.64206598044896,118.66815311064701,3.5,7.0,0.06564206598044896,0.11866815311064702,0.0035,0.007
182,163,False,0.0,0.0,53.01463543945677,38.42008860847801,3.5,7.0,0.05301463543945677,0.03842008860847801,0.0035,0.007
183,164,False,0.0,0.0,58.56107096731338,139.1813552614812,3.5,7.0,0.058561070967313375,0.1391813552614812,0.0035,0.007
184,165,False,0.0,0.0,134.74927759985133,50.214601059986194,3.5,7.0,0.13474927759985134,0.050214601059986194,0.0035,0.007
185,166,False,0.0,0.0,89.87037994937864,46.71680403083986,3.5,7.0,0.08987037994937865,0.04671680403083986,0.0035,0.007
186,167,False,0.0,0.0,90.17031109278145,82.14618559117153,3.5,7.0,0.09017031109278145,0.08214618559117152,0.0035,0.007
187,168,False,0.0,0.0,172.01347906557683,81.36184354223705,3.5,7.0,0.17201347906557682,0.08136184354223705,0.0035,0.007
188,168,True,-175.0,0.0,-2.9865209344231687,81.36184354223705,3.5,7.0,-0.0029865209344231685,0.08136184354223705,0.0035,0.007
189,169,False,0.0,0.0,136.42076762776549,40.1796255729139,3.5,7.0,0.13642076762776548,0.0401796255729139,0.0035,0.007
190,170,False,0.0,0.0,25.950857115317348,96.29583880125068,3.5,7.0,0.025950857115317347,0.09629583880125069,0.0035,0.007
191,171,False,0.0,0.0,71.69966462386441,72.39661655733757,3.5,7.0,0.0716996646238644,0.07239661655733756,0.0035,0.007
192,172,False,0.0,0.0,20.455881217657875,22.352678374165937,3.5,7.0,0.020455881217657877,0.022352678374165935,0.0035,0.007
193,173,False,0.0,0.0,150.56787825252434,78.71622123364513,3.5,7.0,0.15056787825252435,0.07871622123364513,0.0035,0.007
194,174,False,0.0,0.0,143.93854965974148,133.69038988411856,3.5,7.0,0.14393854965974148,0.13369038988411855,0.0035,0.007
195,175,False,0.0,0.0,127.8545118109882,47.82948182551124,3.5,7.0,0.1278545118109882,0.047829481825511236,0.0035,0.007
196,176,False,0.0,0.0,22.940736977092502,123.41599336207351,3.5,7.0,0.022940736977092504,0.12341599336207351,0.0035,0.007
197,177,False,0.0,0.0,92.58230215701666,2.980050133409297,3.5,7.0,0.09258230215701665,0.0029800501334092968,0.0035,0.007
198,177,True,0.0,175.0,92.58230215701666,177.9800501334093,3.5,7.0,0.09258230215701665,0.17798005013340928,0.0035,0.007
199,178,False,0.0,0.0,16.719408314609634,8.467346136330338,3.5,7.0,0.016719408314609635,0.008467346136330338,0.0035,0.007
200,179,False,0.0,0.0,52.471323110397165,64.87009012087384,3.5,7.0,0.052471323110397164,0.06487009012087384,0.0035,0.007
201,180,False,0.0,0.0,41.33415717206968,7.202963879298579,3.5,7.0,0.04133415717206968,0.007202963879298579,0.0035,0.007
202,181,False,0.0,0.0,80.50691582039563,8.837366743577425,3.5,7.0,0.08050691582039564,0.008837366743577425,0.0035,0.007
203,182,False,0.0,0.0,142.91112698185918,81.6771045189807,3.5,7.0,0.14291112698185918,0.08167710451898069,0.0035,0.007
204,183,False,0.0,0.0,112.40138453431572,71.01696927866931,3.5,7.0,0.11240138453431572,0.07101696927866931,0.0035,0.007
205,184,False,0.0,0.0,147.46260069165874,142.92665329986008,3.5,7.0,0.14746260069165873,0.14292665329986007,0.0035,0.007
206,185,False,0.0,0.0,129.85718379061385,117.54946079280214,3.5,7.0,0.12985718379061384,0.11754946079280214,0.0035,0.007
207,186,False,0.0,0.0,87.01180017965258,118.38276195875156,3.5,7.0,0.08701180017965258,0.11838276195875155,0.0035,0.007
208,187,False,0.0,0.0,33.860804007434744,170.58110698580683,3.5,7.0,0.03386080400743474,0.17058110698580684,0.0035,0.007
209,188,False,0.0,0.0,92.77574305152477,122.91880713249323,3.5,7.0,0.09277574305152476,0.12291880713249323,0.0035,0.007
210,189,False,0.0,0.0,27.128007946910003,71.00740206248474,3.5,7.0,0.027128007946910004,0.07100740206248474,0.0035,0.007
211,190,False,0.0,0.0,24.448547736468885,103.3700161300814,3.5,7.0,0.024448547736468887,0.1033700161300814,0.0035,0.007
212,191,False,0.0,0.0,4.26480216028083,103.60096421801566,3.5,7.0,0.00426480216028083,0.10360096421801566,0.0035,0.007
213,192,False,0.0,0.0,0.03712438748011175,109.68457610967995,3.5,7.0,3.712438748011175e-05,0.10968457610967995,0.0035,0.007
214,192,True,175.0,0.0,175.0371243874801,109.68457610967995,3.5,7.0,0.1750371243874801,0.10968457610967995,0.0035,0.007
215,193,False,0.0,0.0,134.50295835830863,5.649492606633291,3.5,7.0,0.13450295835830864,0.00564949260663329,0.0035,0.007
216,194,False,0.0,0.0,4.7633502679639514,136.8604659660475,3.5,7.0,0.004763350267963952,0.1368604659660475,0.0035,0.007
217,195,False,0.0,0.0,35.58961558324407,2.660106299123804,3.5,7.0,0.03558961558324407,0.0026601062991238036,0.0035,0.007
218,195,True,0.0,175.0,35.58961558324407,177.6601062991238,3.5,7.0,0.03558961558324407,0.17766010629912382,0.0035,0.007
219,196,False,0.0,0.0,106.23627687675118,67.2126344308073,3.5,7.0,0.10623627687675118,0.0672126344308073,0.0035,0.007
220,197,False,0.0,0.0,8.294444002052435,74.22722801578936,3.5,7.0,0.008294444002052434,0.07422722801578936,0.0035,0.007
221,198,False,0.0,0.0,97.23869128918507,104.186429473141,3.5,7.0,0.09723869128918507,0.10418642947314101,0.0035,0.007
222,199,False,0.0,0.0,129.11856912694026,14.757034958075533,3.5,7.0,0.12911856912694025,0.014757034958075533,0.0035,0.007
223,200,False,0.0,0.0,47.970021583567835,59.04213826667572,3.5,7.0,0.047970021583567835,0.059042138266675724,0.0035,0.007
224,201,False,0.0,0.0,157.29839436990778,75.45385986937333,3.5,7.0,0.15729839436990778,0.07545385986937334,0.0035,0.007
225,202,False,0.0,0.0,167.9697529290859,173.92484497680599,3.5,7.0,0.1679697529290859,0.173924844976806,0.0035,0.007
226,202,True,0.0,-175.0,167.9697529290859,-1.0751550231940143,3.5,7.0,0.1679697529290859,-0.0010751550231940144,0.0035,0.007
227,203,False,0.0,0.0,9.39399594915173,39.75315247581521,3.5,7.0,0.00939399594915173,0.039753152475815214,0.0035,0.007
228,204,False,0.0,0.0,44.536361349516774,65.38782857378658,3.5,7.0,0.04453636134951677,0.06538782857378658,0.0035,0.007
229,205,False,0.0,0.0,79.98422312267245,21.034858218703544,3.5,7.0,0.07998422312267245,0.021034858218703545,0.0035,0.007
230,206,False,0.0,0.0,156.25565584873647,165.06763525838105,3.5,7.0,0.15625565584873646,0.16506763525838106,0.0035,0.007
231,207,False,0.0,0.0,92.32202177544714,39.67362603595211,3.5,7.0,0.09232202177544714,0.03967362603595211,0.0035,0.007
232,208,False,0.0,0.0,38.568453372955304,138.13693793426776,3.5,7.0,0.0385684533729553,0.13813693793426776,0.0035,0.007
233,209,False,0.0,0.0,51.83907747133979,96.67751173507074,3.5,7.0,0.05183907747133979,0.09667751173507073,0.0035,0.007
234,210,False,0.0,0.0,24.816723415741144,116.4378625943137,3.5,7.0,0.024816723415741145,0.1164378625943137,0.0035,0.007
235,211,False,0.0,0.0,148.5384919163958,13.761149616024266,3.5,7.0,0.1485384919163958,0.013761149616024267,0.0035,0.007
236,212,False,0.0,0.0,30.401039793136686,77.76454259848813,3.5,7.0,0.030401039793136686,0.07776454259848814,0.0035,0.007
237,213,False,0.0,0.0,153.30378741277318,147.58073919279892,3.5,7.0,0.15330378741277317,0.1475807391927989,0.0035,0.007
238,214,False,0.0,0.0,143.37519064529243,117.86753191975545,3.5,7.0,0.14337519064529244,0.11786753191975545,0.0035,0.007
239,215,False,0.0,0.0,46.02740920659642,27.799709887159068,3.5,7.0,0.04602740920659642,0.027799709887159067,0.0035,0.007
240,216,False,0.0,0.0,66.88941479298994,52.01531984643486,3.5,7.0,0.06688941479298995,0.052015319846434864,0.0035,0.007
241,217,False,0.0,0.0,79.71791310958979,102.29058931787115,3.5,7.0,0.07971791310958978,0.10229058931787115,0.0035,0.007
242,218,False,0.0,0.0,137.00826229892448,165.88399675487398,3.5,7.0,0.1370082622989245,0.16588399675487397,0.0035,0.007
243,219,False,0.0,0.0,162.49243858251162,130.73202943129422,3.5,7.0,0.1624924385825116,0.13073202943129422,0.0035,0.007
244,220,False,0.0,0.0,76.12880612213877,14.672645050654484,3.5,7.0,0.07612880612213876,0.014672645050654484,0.0035,0.007
245,221,False,0.0,0.0,38.148214981223504,123.60072332492668,3.5,7.0,0.038148214981223505,0.12360072332492668,0.0035,0.007
246,222,False,0.0,0.0,71.8118212720246,46.41450169746052,3.5,7.0,0.0718118212720246,0.046414501697460524,0.0035,0.007
247,223,False,0.0,0.0,157.47794544973445,53.88793970545628,3.5,7.0,0.15747794544973445,0.053887939705456286,0.0035,0.007
248,224,False,0.0,0.0,137.84805957437575,86.833972921301,3.5,7.0,0.13784805957437576,0.086833972921301,0.0035,0.007
249,225,False,0.0,0.0,71.08632288401486,90.97148585442186,3.5,7.0,0.07108632288401487,0.09097148585442186,0.0035,0.007
250,226,False,0.0,0.0,70.06870269079859,1.0713176982225843,3.5,7.0,0.07006870269079858,0.0010713176982225844,0.0035,0.007
251,226,True,0.0,175.0,70.06870269079859,176.07131769822257,3.5,7.0,0.07006870269079858,0.17607131769822257,0.0035,0.007
252,227,False,0.0,0.0,137.40293358394578,75.02056723241057,3.5,7.0,0.13740293358394579,0.07502056723241057,0.0035,0.007
253,228,False,0.0,0.0,148.38193093545297,2.168318507956312,3.5,7.0,0.14838193093545296,0.002168318507956312,0.0035,0.007
254,228,True,0.0,175.0,148.38193093545297,177.16831850795631,3.5,7.0,0.14838193093545296,0.1771683185079563,0.0035,0.007
255,229,False,0.0,0.0,7.816034130997405,157.78196402959074,3.5,7.0,0.007816034130997405,0.15778196402959074,0.0035,0.007
256,230,False,0.0,0.0,162.13980900132964,87.3197542105627,3.5,7.0,0.16213980900132963,0.0873197542105627,0.0035,0.007
257,231,False,0.0,0.0,74.95630645570262,162.94778472334048,3.5,7.0,0.07495630645570261,0.16294778472334048,0.0035,0.007
258,232,False,0.0,0.0,22.568057379351142,76.65647433983301,3.5,7.0,0.022568057379351143,0.07665647433983301,0.0035,0.007
259,233,False,0.0,0.0,136.6281539027125,120.47366474078818,3.5,7.0,0.13662815390271252,0.12047366474078817,0.0035,0.007
260,234,False,0.0,0.0,49.764286515587436,87.42110595075818,3.5,7.0,0.04976428651558744,0.08742110595075818,0.0035,0.007
261,235,False,0.0,0.0,126.58270499538636,142.22902391836877,3.5,7.0,0.12658270499538637,0.14222902391836878,0.0035,0.007
262,236,False,0.0,0.0,22.43618260803985,89.86865071627474,3.5,7.0,0.02243618260803985,0.08986865071627474,0.0035,0.007
263,237,False,0.0,0.0,125.73404157934648,133.04092875488618,3.5,7.0,0.12573404157934648,0.13304092875488618,0.0035,0.007
264,238,False,0.0,0.0,153.6260957833706,7.11476321049121,3.5,7.0,0.1536260957833706,0.00711476321049121,0.0035,0.007
265,239,False,0.0,0.0,117.73453279706816,137.82729431723757,3.5,7.0,0.11773453279706815,0.1378272943172376,0.0035,0.007
266,240,False,0.0,0.0,172.35075840884676,52.293905445423576,3.5,7.0,0.17235075840884675,0.052293905445423575,0.0035,0.007
267,240,True,-175.0,0.0,-2.649241591153242,52.293905445423576,3.5,7.0,-0.002649241591153242,0.052293905445423575,0.0035,0.007
268,241,False,0.0,0.0,45.813848439284286,19.77830641284639,3.5,7.0,0.04581384843928429,0.01977830641284639,0.0035,0.007
269,242,False,0.0,0.0,81.62269941915199,54.75542972947479,3.5,7.0,0.08162269941915198,0.054755429729474794,0.0035,0.007
270,243,False,0.0,0.0,109.09883362725179,32.16320950756695,3.5,7.0,0.1090988336272518,0.032163209507566945,0.0035,0.007
271,244,False,0.0,0.0,52.23750894344213,125.52777658725692,3.5,7.0,0.05223750894344213,0.12552777658725692,0.0035,0.007
272,245,False,0.0,0.0,137.12837780539084,156.59756288654114,3.5,7.0,0.13712837780539083,0.15659756288654114,0.0035,0.007
273,246,False,0.0,0.0,25.41504713791822,147.45789609800124,3.5,7.0,0.025415047137918218,0.14745789609800125,0.0035,0.007
274,247,False,0.0,0.0,89.93177109287713,164.34710959158068,3.5,7.0,0.08993177109287713,0.16434710959158066,0.0035,0.007
275,248,False,0.0,0.0,126.36966690373167,87.97379368781706,3.5,7.0,0.12636966690373166,0.08797379368781706,0.0035,0.007
276,249,False,0.0,0.0,151.09807204808152,71.46074295531785,3.5,7.0,0.1510980720480815,0.07146074295531786,0.0035,0.007
277,250,False,0.0,0.0,169.15396704541956,24.464683770314366,3.5,7.0,0.16915396704541957,0.024464683770314365,0.0035,0.007
278,251,False,0.0,0.0,169.35049519830375,88.09588240667802,3.5,7.0,0.16935049519830375,0.08809588240667801,0.0035,0.007
279,252,False,0.0,0.0,43.90873105405052,114.93819263126687,3.5,7.0,0.04390873105405052,0.11493819263126687,0.0035,0.007
280,253,False,0.0,0.0,11.141918953518918,132.58711902144086,3.5,7.0,0.011141918953518917,0.13258711902144085,0.0035,0.007
281,254,False,0.0,0.0,35.301024417664046,163.36106976475256,3.5,7.0,0.03530102441766404,0.16336106976475256,0.0035,0.007
282,255,False,0.0,0.0,101.7218482399538,166.2512678273373,3.5,7.0,0.1017218482399538,0.1662512678273373,0.0035,0.007
283,256,False,0.0,0.0,147.64592636905525,105.17266637830132,3.5,7.0,0.14764592636905524,0.10517266637830132,0.0035,0.007
284,257,False,0.0,0.0,162.8024014314019,123.39375840017927,3.5,7.0,0.1628024014314019,0.12339375840017927,0.0035,0.007
285,258,False,0.0,0.0,32.47605342383457,128.20839454510698,3.5,7.0,0.03247605342383457,0.128208394545107,0.0035,0.007
286,259,False,0.0,0.0,120.71286853724101,10.768780126767904,3.5,7.0,0.120712868537241,0.010768780126767904,0.0035,0.007
287,260,False,0.0,0.0,166.0081975924354,152.16308376858134,3.5,7.0,0.1660081975924354,0.15216308376858134,0.0035,0.007
288,261,False,0.0,0.0,163.10425450935497,79.9082639871474,3.5,7.0,0.16310425450935498,0.0799082639871474,0.0035,0.007
289,262,False,0.0,0.0,119.17308298085311,153.42595002568174,3.5,7.0,0.1191730829808531,0.15342595002568174,0.0035,0.007
290,263,False,0.0,0.0,82.25744512641832,163.38028210744602,3.5,7.0,0.08225744512641832,0.163380282107446,0.0035,0.007
291,264,False,0.0,0.0,166.70582884474402,64.3357803839055,3.5,7.0,0.16670582884474403,0.0643357803839055,0.0035,0.007
292,265,False,0.0,0.0,100.18640879260094,118.55502558270662,3.5,7.0,0.10018640879260095,0.11855502558270661,0.0035,0.007
293,266,False,0.0,0.0,17.07240132047715,94.80294944585704,3.5,7.0,0.017072401320477153,0.09480294944585704,0.0035,0.007
294,267,False,0.0,0.0,48.26167725792065,170.1741440999468,3.5,7.0,0.04826167725792065,0.1701741440999468,0.0035,0.007
295,268,False,0.0,0.0,129.1963087764192,55.05998714129101,3.5,7.0,0.1291963087764192,0.05505998714129101,0.0035,0.007
296,269,False,0.0,0.0,96.44327103146573,23.100419093477004,3.5,7.0,0.09644327103146573,0.023100419093477004,0.0035,0.007
297,270,False,0.0,0.0,80.02762624397985,116.614369234424,3.5,7.0,0.08002762624397985,0.116614369234424,0.0035,0.007
298,271,False,0.0,0.0,99.53305316601744,16.299289811301374,3.5,7.0,0.09953305316601743,0.016299289811301375,0.0035,0.007
299,272,False,0.0,0.0,74.23073089292286,170.20503926836975,3.5,7.0,0.07423073089292287,0.17020503926836975,0.0035,0.007
300,273,False,0.0,0.0,69.59396444412926,58.731973931938626,3.5,7.0,0.06959396444412926,0.05873197393193862,0.0035,0.007
301,274,False,0.0,0.0,12.488274138870032,68.17524451109546,3.5,7.0,0.012488274138870032,0.06817524451109545,0.0035,0.007
302,275,False,0.0,0.0,112.59781491963587,124.79295338622023,3.5,7.0,0.11259781491963587,0.12479295338622023,0.0035,0.007
303,276,False,0.0,0.0,12.929158905075495,172.66478122079974,3.5,7.0,0.012929158905075495,0.17266478122079973,0.0035,0.007
304,276,True,0.0,-175.0,12.929158905075495,-2.335218779200261,3.5,7.0,0.012929158905075495,-0.002335218779200261,0.0035,0.007
305,277,False,0.0,0.0,129.77936890506572,168.2256717964867,3.5,7.0,0.12977936890506572,0.1682256717964867,0.0035,0.007
306,278,False,0.0,0.0,74.35993927337476,28.483269961085607,3.5,7.0,0.07435993927337477,0.02848326996108561,0.0035,0.007
307,279,False,0.0,0.0,71.85875883181843,156.3147530620173,3.5,7.0,0.07185875883181843,0.1563147530620173,0.0035,0.007
308,280,False,0.0,0.0,91.61384567394394,16.65089879258787,3.5,7.0,0.09161384567394394,0.01665089879258787,0.0035,0.007
309,281,False,0.0,0.0,160.30926058941455,40.08864904707124,3.5,7.0,0.16030926058941455,0.04008864904707124,0.0035,0.007
310,282,False,0.0,0.0,173.09254804910947,60.812590000758064,3.5,7.0,0.17309254804910948,0.06081259000075807,0.0035,0.007
311,282,True,-175.0,0.0,-1.9074519508905325,60.812590000758064,3.5,7.0,-0.0019074519508905324,0.06081259000075807,0.0035,0.007
312,283,False,0.0,0.0,52.1675377838492,23.650258585833974,3.5,7.0,0.0521675377838492,0.023650258585833975,0.0035,0.007
313,284,False,0.0,0.0,12.600482702158219,164.62737514665702,3.5,7.0,0.012600482702158218,0.164627375146657,0.0035,0.007
314,285,False,0.0,0.0,107.8279785042201,94.1271951756667,3.5,7.0,0.1078279785042201,0.0941271951756667,0.0035,0.007
315,286,False,0.0,0.0,168.81950669406282,105.96511021416966,3.5,7.0,0.16881950669406282,0.10596511021416966,0.0035,0.007
316,287,False,0.0,0.0,76.94617651931678,67.44107902340538,3.5,7.0,0.07694617651931678,0.06744107902340538,0.0035,0.007
317,288,False,0.0,0.0,74.4584884492332,53.17380307429781,3.5,7.0,0.0744584884492332,0.05317380307429781,0.0035,0.007
318,289,False,0.0,0.0,51.258828095901514,103.93723424888441,3.5,7.0,0.051258828095901515,0.1039372342488844,0.0035,0.007
319,290,False,0.0,0.0,45.393164848317504,123.13085295751674,3.5,7.0,0.045393164848317506,0.12313085295751673,0.0035,0.007
320,291,False,0.0,0.0,15.385522593862138,75.64289293043984,3.5,7.0,0.015385522593862139,0.07564289293043984,0.0035,0.007
321,292,False,0.0,0.0,125.62778182817608,69.49695948605398,3.5,7.0,0.12562778182817608,0.06949695948605399,0.0035,0.007
322,293,False,0.0,0.0,42.07259769998167,160.651299512597,3.5,7.0,0.04207259769998167,0.16065129951259702,0.0035,0.007
323,294,False,0.0,0.0,32.62956718863071,24.141485829247372,3.5,7.0,0.032629567188630706,0.024141485829247373,0.0035,0.007
324,295,False,0.0,0.0,5.408332044958139,60.25935646573221,3.5,7.0,0.005408332044958139,0.06025935646573221,0.0035,0.007
325,296,False,0.0,0.0,22.029959973719727,38.788884359155915,3.5,7.0,0.022029959973719728,0.038788884359155916,0.0035,0.007
326,297,False,0.0,0.0,101.91716248064628,6.091060935629711,3.5,7.0,0.10191716248064628,0.006091060935629711,0.0035,0.007
327,298,False,0.0,0.0,122.02367659060171,107.36920419793849,3.5,7.0,0.1220236765906017,0.10736920419793848,0.0035,0.007
328,299,False,0.0,0.0,62.93754004743743,45.92773893177917,3.5,7.0,0.06293754004743743,0.04592773893177917,0.0035,0.007
329,300,False,0.0,0.0,37.36574523625108,91.68722443161208,3.5,7.0,0.03736574523625108,0.09168722443161208,0.0035,0.007
330,301,False,0.0,0.0,174.96774152182107,155.7204879907655,3.5,7.0,0.17496774152182107,0.1557204879907655,0.0035,0.007
331,301,True,-175.0,0.0,-0.03225847817893168,155.7204879907655,3.5,7.0,-3.225847817893168e-05,0.1557204879907655,0.0035,0.007
332,302,False,0.0,0.0,161.32194278108832,159.6946794994129,3.5,7.0,0.16132194278108833,0.1596946794994129,0.0035,0.007
333,303,False,0.0,0.0,169.3077588792246,45.463537263508556,3.5,7.0,0.16930775887922458,0.045463537263508554,0.0035,0.007
334,304,False,0.0,0.0,4.193553000437133,121.94432960030953,3.5,7.0,0.004193553000437133,0.12194432960030953,0.0035,0.007
335,305,False,0.0,0.0,56.56470350710766,91.23679531677134,3.5,7.0,0.056564703507107655,0.09123679531677134,0.0035,0.007
336,306,False,0.0,0.0,128.65528011070467,126.01435035256033,3.5,7.0,0.12865528011070468,0.12601435035256034,0.0035,0.007
337,307,False,0.0,0.0,66.95242068857128,33.20009403201426,3.5,7.0,0.06695242068857128,0.033200094032014266,0.0035,0.007
338,308,False,0.0,0.0,172.9914223230037,99.82093924164516,3.5,7.0,0.17299142232300369,0.09982093924164516,0.0035,0.007
339,308,True,-175.0,0.0,-2.0085776769963104,99.82093924164516,3.5,7.0,-0.0020085776769963102,0.09982093924164516,0.0035,0.007
340,309,False,0.0,0.0,50.31442601772678,146.90236902022406,3.5,7.0,0.05031442601772678,0.14690236902022405,0.0035,0.007
341,310,False,0.0,0.0,172.26416755166863,32.09121521965075,3.5,7.0,0.17226416755166862,0.03209121521965075,0.0035,0.007
342,310,True,-175.0,0.0,-2.735832448331365,32.09121521965075,3.5,7.0,-0.002735832448331365,0.03209121521965075,0.0035,0.007
343,311,False,0.0,0.0,15.314220973688785,157.91200524108186,3.5,7.0,0.015314220973688786,0.15791200524108187,0.0035,0.007
344,312,False,0.0,0.0,95.61239854142688,9.860378595670234,3.5,7.0,0.09561239854142689,0.009860378595670233,0.0035,0.007
345,313,False,0.0,0.0,36.923051595397425,64.82810124107029,3.5,7.0,0.036923051595397424,0.06482810124107029,0.0035,0.007
346,314,False,0.0,0.0,22.374619052274923,62.8762611098553,3.5,7.0,0.022374619052274922,0.0628762611098553,0.0035,0.007
347,315,False,0.0,0.0,34.39087694941773,71.69546713333911,3.5,7.0,0.03439087694941773,0.0716954671333391,0.0035,0.007
348,316,False,0.0,0.0,77.93308718798315,85.1132111650439,3.5,7.0,0.07793308718798314,0.08511321116504389,0.0035,0.007
349,317,False,0.0,0.0,58.93053040846789,99.51603880619508,3.5,7.0,0.058930530408467886,0.09951603880619508,0.0035,0.007
350,318,False,0.0,0.0,109.9137983282193,52.45455309053367,3.5,7.0,0.1099137983282193,0.05245455309053367,0.0035,0.007
351,319,False,0.0,0.0,27.0614102380404,19.14879676211222,3.5,7.0,0.027061410238040397,0.01914879676211222,0.0035,0.007
352,320,False,0.0,0.0,89.04991294959983,23.47722080454522,3.5,7.0,0.08904991294959982,0.02347722080454522,0.0035,0.007
353,321,False,0.0,0.0,56.97990817757421,114.29068406105014,3.5,7.0,0.05697990817757421,0.11429068406105014,0.0035,0.007
354,322,False,0.0,0.0,151.89687656843006,92.33941512803241,3.5,7.0,0.15189687656843007,0.09233941512803241,0.0035,0.007
355,323,False,0.0,0.0,52.59772630536727,31.07568151246313,3.5,7.0,0.05259772630536727,0.031075681512463132,0.0035,0.007
356,324,False,0.0,0.0,145.13626550127154,67.41547598954989,3.5,7.0,0.14513626550127154,0.06741547598954989,0.0035,0.007
357,325,False,0.0,0.0,57.78049234631825,106.9871276474188,3.5,7.0,0.05778049234631825,0.1069871276474188,0.0035,0.007
358,326,False,0.0,0.0,37.53566580585057,109.69508871507475,3.5,7.0,0.03753566580585057,0.10969508871507475,0.0035,0.007
359,327,False,0.0,0.0,38.635262696956595,102.5108655404811,3.5,7.0,0.03863526269695659,0.10251086554048111,0.0035,0.007
360,328,False,0.0,0.0,161.8409795821026,108.08862470973455,3.5,7.0,0.16184097958210258,0.10808862470973454,0.0035,0.007
361,329,False,0.0,0.0,116.3135960320754,173.16108332013977,3.5,7.0,0.11631359603207539,0.17316108332013977,0.0035,0.007
362,329,True,0.0,-175.0,116.3135960320754,-1.8389166798602332,3.5,7.0,0.11631359603207539,-0.0018389166798602331,0.0035,0.007
363,330,False,0.0,0.0,67.6338033283945,162.45638012528724,3.5,7.0,0.06763380332839451,0.16245638012528724,0.0035,0.007
364,331,False,0.0,0.0,29.658468631498025,63.801450886979474,3.5,7.0,0.029658468631498024,0.06380145088697947,0.0035,0.007
365,332,False,0.0,0.0,55.496255627496566,2.9854896111632314,3.5,7.0,0.05549625562749656,0.0029854896111632316,0.0035,0.007
366,332,True,0.0,175.0,55.496255627496566,177.98548961116325,3.5,7.0,0.05549625562749656,0.17798548961116326,0.0035,0.007
367,333,False,0.0,0.0,54.302505296789214,152.98994646811838,3.5,7.0,0.05430250529678921,0.15298994646811837,0.0035,0.007
368,334,False,0.0,0.0,140.7448937497094,140.3369681192945,3.5,7.0,0.14074489374970942,0.1403369681192945,0.0035,0.007
369,335,False,0.0,0.0,128.84070743512984,110.07923502512806,3.5,7.0,0.12884070743512985,0.11007923502512805,0.0035,0.007
370,336,False,0.0,0.0,0.003487855359992409,92.8313256886969,3.5,7.0,3.487855359992409e-06,0.0928313256886969,0.0035,0.007
371,336,True,175.0,0.0,175.00348785536,92.8313256886969,3.5,7.0,0.17500348785536,0.0928313256886969,0.0035,0.007
372,337,False,0.0,0.0,94.52325793191878,30.148928581611564,3.5,7.0,0.09452325793191878,0.030148928581611563,0.0035,0.007
373,338,False,0.0,0.0,95.74491307007864,50.95280928143999,3.5,7.0,0.09574491307007864,0.05095280928143999,0.0035,0.007
374,339,False,0.0,0.0,62.37176935286153,57.85424873124204,3.5,7.0,0.062371769352861525,0.057854248731242036,0.0035,0.007
375,340,False,0.0,0.0,102.50545821227637,99.06323715362146,3.5,7.0,0.10250545821227637,0.09906323715362146,0.0035,0.007
376,341,False,0.0,0.0,30.590205319575563,111.91578193554439,3.5,7.0,0.030590205319575563,0.11191578193554438,0.0035,0.007
377,342,False,0.0,0.0,32.223505604148926,149.96755490344117,3.5,7.0,0.032223505604148925,0.14996755490344116,0.0035,0.007
378,343,False,0.0,0.0,19.98786046116392,69.83067367907374,3.5,7.0,0.01998786046116392,0.06983067367907374,0.0035,0.007
379,344,False,0.0,0.0,142.17416173138574,17.35019759195826,3.5,7.0,0.14217416173138575,0.01735019759195826,0.0035,0.007
380,345,False,0.0,0.0,84.8952760181513,87.180300494146,3.5,7.0,0.0848952760181513,0.08718030049414599,0.0035,0.007
381,346,False,0.0,0.0,72.99690612807697,118.4714080761327,3.5,7.0,0.07299690612807697,0.1184714080761327,0.0035,0.007
382,347,False,0.0,0.0,57.5565980589545,146.45867860382182,3.5,7.0,0.0575565980589545,0.14645867860382183,0.0035,0.007
383,348,False,0.0,0.0,170.2355666394352,123.43520080752307,3.5,7.0,0.1702355666394352,0.12343520080752307,0.0035,0.007
384,349,False,0.0,0.0,50.45149469106669,111.12891803499696,3.5,7.0,0.05045149469106669,0.11112891803499696,0.0035,0.007
385,350,False,0.0,0.0,149.4403398772913,34.377376958712986,3.5,7.0,0.1494403398772913,0.034377376958712985,0.0035,0.007
386,351,False,0.0,0.0,63.729650254216544,111.62058751150072,3.5,7.0,0.06372965025421655,0.11162058751150071,0.0035,0.007
387,352,False,0.0,0.0,31.717863800088587,104.66182827191305,3.5,7.0,0.031717863800088585,0.10466182827191305,0.0035,0.007
388,353,False,0.0,0.0,48.564966201602594,5.467542977196715,3.5,7.0,0.0485649662016026,0.005467542977196715,0.0035,0.007
389,354,False,0.0,0.0,161.94603982718934,25.446702100710272,3.5,7.0,0.16194603982718933,0.02544670210071027,0.0035,0.007
390,355,False,0.0,0.0,99.50824786423068,150.4746249412411,3.5,7.0,0.09950824786423068,0.15047462494124111,0.0035,0.007
391,356,False,0.0,0.0,8.80113202907453,47.047861370347626,3.5,7.0,0.00880113202907453,0.047047861370347624,0.0035,0.007
392,357,False,0.0,0.0,141.01068271095187,102.14452884854833,3.5,7.0,0.14101068271095188,0.10214452884854833,0.0035,0.007
393,358,False,0.0,0.0,58.64876821246781,51.7001958001313,3.5,7.0,0.058648768212467804,0.0517001958001313,0.0035,0.007
394,359,False,0.0,0.0,114.16689711026632,37.30583955041342,3.5,7.0,0.11416689711026631,0.03730583955041342,0.0035,0.007
395,360,False,0.0,0.0,158.8287137676437,137.04403072925058,3.5,7.0,0.1588287137676437,0.1370440307292506,0.0035,0.007
396,361,False,0.0,0.0,143.0297519807103,52.96375248429458,3.5,7.0,0.1430297519807103,0.05296375248429458,0.0035,0.007
397,362,False,0.0,0.0,133.24545507026917,26.998327177892474,3.5,7.0,0.13324545507026916,0.026998327177892474,0.0035,0.007
398,363,False,0.0,0.0,116.56547461888289,165.8291070007908,3.5,7.0,0.11656547461888289,0.1658291070007908,0.0035,0.007
399,364,False,0.0,0.0,43.593567590733414,149.73854928201806,3.5,7.0,0.04359356759073341,0.14973854928201805,0.0035,0.007
400,365,False,0.0,0.0,41.086962864659796,33.1254336652094,3.5,7.0,0.04108696286465979,0.0331254336652094,0.0035,0.007
401,366,False,0.0,0.0,15.434154898828353,35.528949020081704,3.5,7.0,0.015434154898828354,0.035528949020081704,0.0035,0.007
402,367,False,0.0,0.0,150.29034907532852,52.56035277052888,3.5,7.0,0.1502903490753285,0.05256035277052888,0.0035,0.007
403,368,False,0.0,0.0,67.76787312286628,40.3736729154859,3.5,7.0,0.06776787312286628,0.040373672915485895,0.0035,0.007
404,369,False,0.0,0.0,84.32707898285442,156.47885872445192,3.5,7.0,0.08432707898285442,0.1564788587244519,0.0035,0.007
405,370,False,0.0,0.0,161.01904522263908,145.46020409612441,3.5,7.0,0.16101904522263907,0.14546020409612442,0.0035,0.007
406,371,False,0.0,0.0,128.125576937605,0.3913821243087428,3.5,7.0,0.12812557693760498,0.0003913821243087428,0.0035,0.007
407,371,True,0.0,175.0,128.125576937605,175.39138212430873,3.5,7.0,0.12812557693760498,0.17539138212430874,0.0035,0.007
408,372,False,0.0,0.0,128.6840921269066,40.6664661409525,3.5,7.0,0.1286840921269066,0.0406664661409525,0.0035,0.007
409,373,False,0.0,0.0,144.84840263043128,157.1436433548447,3.5,7.0,0.14484840263043128,0.1571436433548447,0.0035,0.007
410,374,False,0.0,0.0,130.10728140934393,75.78411070841123,3.5,7.0,0.13010728140934394,0.07578411070841123,0.0035,0.007
411,375,False,0.0,0.0,102.48117025391808,89.10094247817325,3.5,7.0,0.10248117025391808,0.08910094247817325,0.0035,0.007
412,376,False,0.0,0.0,44.95935720125968,79.30766688913862,3.5,7.0,0.04495935720125968,0.07930766688913862,0.0035,0.007
413,377,False,0.0,0.0,118.01481196741202,31.04548644061875,3.5,7.0,0.11801481196741201,0.03104548644061875,0.0035,0.007
414,378,False,0.0,0.0,173.83557654235307,116.99873363388157,3.5,7.0,0.17383557654235307,0.11699873363388157,0.0035,0.007
415,378,True,-175.0,0.0,-1.164423457646933,116.99873363388157,3.5,7.0,-0.001164423457646933,0.11699873363388157,0.0035,0.007
416,379,False,0.0,0.0,120.78520421016835,74.84693888336413,3.5,7.0,0.12078520421016835,0.07484693888336413,0.0035,0.007
417,380,False,0.0,0.0,156.8085568722051,0.5350079117549621,3.5,7.0,0.1568085568722051,0.0005350079117549621,0.0035,0.007
418,380,True,0.0,175.0,156.8085568722051,175.53500791175497,3.5,7.0,0.1568085568722051,0.17553500791175497,0.0035,0.007
419,381,False,0.0,0.0,71.42996664736708,125.58704057828176,3.5,7.0,0.07142996664736709,0.12558704057828177,0.0035,0.007
420,382,False,0.0,0.0,80.8435850817148,34.550222931760395,3.5,7.0,0.08084358508171481,0.034550222931760396,0.0035,0.007
421,383,False,0.0,0.0,62.669662711407376,157.13436278216346,3.5,7.0,0.06266966271140738,0.15713436278216347,0.0035,0.007
422,384,False,0.0,0.0,6.536748331478202,168.80477538877912,3.5,7.0,0.006536748331478202,0.1688047753887791,0.0035,0.007
423,385,False,0.0,0.0,17.733559815772885,118.2648819935031,3.5,7.0,0.017733559815772886,0.1182648819935031,0.0035,0.007
424,386,False,0.0,0.0,36.370036360520466,38.91827508009293,3.5,7.0,0.03637003636052047,0.038918275080092934,0.0035,0.007
425,387,False,0.0,0.0,31.41919442692784,157.2613933846072,3.5,7.0,0.031419194426927845,0.1572613933846072,0.0035,0.007
426,388,False,0.0,0.0,101.41288312442295,143.22391085135726,3.5,7.0,0.10141288312442295,0.14322391085135727,0.0035,0.007
427,389,False,0.0,0.0,133.74267583753513,143.55875035713038,3.5,7.0,0.13374267583753513,0.14355875035713037,0.0035,0.007
428,390,False,0.0,0.0,45.7545904242923,38.694380440299284,3.5,7.0,0.0457545904242923,0.038694380440299284,0.0035,0.007
429,391,False,0.0,0.0,72.26365470724298,21.29982816089247,3.5,7.0,0.07226365470724298,0.02129982816089247,0.0035,0.007
430,392,False,0.0,0.0,116.9168612706364,118.93169474213026,3.5,7.0,0.1169168612706364,0.11893169474213026,0.0035,0.007
431,393,False,0.0,0.0,121.87565802903275,55.4291531434144,3.5,7.0,0.12187565802903275,0.0554291531434144,0.0035,0.007
432,394,False,0.0,0.0,132.0638069868757,34.19134137207223,3.5,7.0,0.1320638069868757,0.03419134137207223,0.0035,0.007
433,395,False,0.0,0.0,10.76167880800895,81.45889762835111,3.5,7.0,0.01076167880800895,0.08145889762835111,0.0035,0.007
434,396,False,0.0,0.0,55.85157921689782,160.08332602343927,3.5,7.0,0.05585157921689782,0.16008332602343928,0.0035,0.007
435,397,False,0.0,0.0,131.37004242013117,161.0740641499045,3.5,7.0,0.13137004242013117,0.1610740641499045,0.0035,0.007
436,398,False,0.0,0.0,27.67060260143829,166.32796701597104,3.5,7.0,0.02767060260143829,0.16632796701597105,0.0035,0.007
437,399,False,0.0,0.0,65.87354587772795,7.036915392678453,3.5,7.0,0.06587354587772795,0.007036915392678453,0.0035,0.007
438,400,False,0.0,0.0,135.85498989633302,113.18189871090601,3.5,7.0,0.13585498989633302,0.11318189871090602,0.0035,0.007
439,401,False,0.0,0.0,26.37491810955039,49.26144780509171,3.5,7.0,0.02637491810955039,0.049261447805091715,0.0035,0.007
440,402,False,0.0,0.0,125.26139588085367,149.3950837935179,3.5,7.0,0.12526139588085367,0.1493950837935179,0.0035,0.007
441,403,False,0.0,0.0,117.53951465794798,23.682088838778718,3.5,7.0,0.11753951465794797,0.023682088838778717,0.0035,0.007
442,404,False,0.0,0.0,167.35501455029524,113.33102554204423,3.5,7.0,0.16735501455029525,0.11333102554204423,0.0035,0.007
443,405,False,0.0,0.0,11.213794642657739,125.21988933585321,3.5,7.0,0.011213794642657739,0.1252198893358532,0.0035,0.007
444,406,False,0.0,0.0,10.481232832694499,12.123799260884011,3.5,7.0,0.010481232832694498,0.012123799260884012,0.0035,0.007
445,407,False,0.0,0.0,48.89985138033359,71.26777185553921,3.5,7.0,0.048899851380333585,0.0712677718555392,0.0035,0.007
446,408,False,0.0,0.0,82.45734339742972,47.48436559514473,3.5,7.0,0.08245734339742973,0.04748436559514473,0.0035,0.007
447,409,False,0.0,0.0,112.42866833640069,113.22201183473511,3.5,7.0,0.1124286683364007,0.11322201183473511,0.0035,0.007
448,410,False,0.0,0.0,17.808986686325824,15.58995642672992,3.5,7.0,0.017808986686325825,0.015589956426729919,0.0035,0.007
449,411,False,0.0,0.0,114.362693661096,78.09988992909264,3.5,7.0,0.114362693661096,0.07809988992909264,0.0035,0.007
450,412,False,0.0,0.0,156.02490691213976,120.95423038900263,3.5,7.0,0.15602490691213974,0.12095423038900263,0.0035,0.007
451,413,False,0.0,0.0,152.66108574823602,60.13879325805806,3.5,7.0,0.15266108574823603,0.06013879325805806,0.0035,0.007
452,414,False,0.0,0.0,155.86219645558276,14.142129727695782,3.5,7.0,0.15586219645558277,0.014142129727695782,0.0035,0.007
453,415,False,0.0,0.0,167.9414175640229,9.765655714138543,3.5,7.0,0.16794141756402292,0.009765655714138543,0.0035,0.007
454,416,False,0.0,0.0,140.69226789091206,46.051185497569975,3.5,7.0,0.14069226789091208,0.04605118549756997,0.0035,0.007
455,417,False,0.0,0.0,73.65286374865043,35.93671751219249,3.5,7.0,0.07365286374865043,0.03593671751219249,0.0035,0.007
456,418,False,0.0,0.0,112.32752729720727,44.412961552400674,3.5,7.0,0.11232752729720727,0.044412961552400675,0.0035,0.007
457,419,False,0.0,0.0,168.70657341887053,74.90772060694401,3.5,7.0,0.16870657341887052,0.074907720606944,0.0035,0.007
458,420,False,0.0,0.0,143.69215438395278,39.17791705527693,3.5,7.0,0.14369215438395277,0.03917791705527693,0.0035,0.007
459,421,False,0.0,0.0,100.26112676488533,111.18804742948984,3.5,7.0,0.10026112676488533,0.11118804742948984,0.0035,0.007
460,422,False,0.0,0.0,36.728347643261635,52.22484419618861,3.5,7.0,0.03672834764326163,0.05222484419618861,0.0035,0.007
461,423,False,0.0,0.0,1.4948562397379515,11.15395562808127,3.5,7.0,0.0014948562397379514,0.011153955628081271,0.0035,0.007
462,423,True,175.0,0.0,176.49485623973794,11.15395562808127,3.5,7.0,0.17649485623973793,0.011153955628081271,0.0035,0.007
463,424,False,0.0,0.0,162.01189163757047,100.70080445788025,3.5,7.0,0.16201189163757046,0.10070080445788025,0.0035,0.007
464,425,False,0.0,0.0,44.35720009257947,107.0537960752838,3.5,7.0,0.04435720009257947,0.1070537960752838,0.0035,0.007
465,426,False,0.0,0.0,88.75826014872177,171.54245094296292,3.5,7.0,0.08875826014872178,0.17154245094296292,0.0035,0.007
466,426,True,0.0,-175.0,88.75826014872177,-3.4575490570370846,3.5,7.0,0.08875826014872178,-0.0034575490570370846,0.0035,0.007
467,427,False,0.0,0.0,84.91142600754469,97.20223767648669,3.5,7.0,0.08491142600754469,0.09720223767648668,0.0035,0.007
468,428,False,0.0,0.0,142.67882759725103,110.50204031753037,3.5,7.0,0.14267882759725103,0.11050204031753037,0.0035,0.007
469,429,False,0.0,0.0,91.98655717754201,99.18214843816891,3.5,7.0,0.091986557177542,0.09918214843816892,0.0035,0.007
470,430,False,0.0,0.0,92.14335299039459,63.22278864393054,3.5,7.0,0.09214335299039458,0.06322278864393054,0.0035,0.007
471,431,False,0.0,0.0,137.2420484150653,130.73327793860986,3.5,7.0,0.13724204841506532,0.13073327793860987,0.0035,0.007
472,432,False,0.0,0.0,162.83256760962158,70.62109351119818,3.5,7.0,0.1628325676096216,0.07062109351119818,0.0035,0.007
473,433,False,0.0,0.0,132.60852883493808,136.39881120986354,3.5,7.0,0.1326085288349381,0.13639881120986355,0.0035,0.007
474,434,False,0.0,0.0,97.29574052662086,58.05630030453276,3.5,7.0,0.09729574052662086,0.058056300304532765,0.0035,0.007
475,435,False,0.0,0.0,99.28821072589415,126.1445576223785,3.5,7.0,0.09928821072589415,0.1261445576223785,0.0035,0.007
476,436,False,0.0,0.0,7.860345567512373,19.052139631839005,3.5,7.0,0.007860345567512373,0.019052139631839004,0.0035,0.007
477,437,False,0.0,0.0,85.31583600211736,60.97340708067431,3.5,7.0,0.08531583600211737,0.060973407080674315,0.0035,0.007
478,438,False,0.0,0.0,108.39504049617636,154.28191278749435,3.5,7.0,0.10839504049617636,0.15428191278749434,0.0035,0.007
479,439,False,0.0,0.0,170.72707596423047,131.27834471062008,3.5,7.0,0.17072707596423048,0.13127834471062008,0.0035,0.007
480,440,False,0.0,0.0,157.19623067073752,46.55750582840162,3.5,7.0,0.1571962306707375,0.04655750582840162,0.0035,0.007
481,441,False,0.0,0.0,155.44344341730732,128.51817413966137,3.5,7.0,0.15544344341730731,0.12851817413966138,0.0035,0.007
482,442,False,0.0,0.0,90.15948523198577,92.14870765366217,3.5,7.0,0.09015948523198578,0.09214870765366218,0.0035,0.007
483,443,False,0.0,0.0,40.04927865210831,45.48675406858487,3.5,7.0,0.04004927865210831,0.04548675406858487,0.0035,0.007
484,444,False,0.0,0.0,89.89742506175274,55.30548856183739,3.5,7.0,0.08989742506175274,0.055305488561837396,0.0035,0.007
485,445,False,0.0,0.0,113.32730729037017,148.8985710664372,3.5,7.0,0.11332730729037017,0.1488985710664372,0.0035,0.007
486,446,False,0.0,0.0,112.84171250223547,59.39856130377258,3.5,7.0,0.11284171250223547,0.05939856130377258,0.0035,0.007
487,447,False,0.0,0.0,21.741518128137784,3.1097779785523927,3.5,7.0,0.021741518128137783,0.0031097779785523925,0.0035,0.007
488,447,True,0.0,175.0,21.741518128137784,178.1097779785524,3.5,7.0,0.021741518128137783,0.17810977797855237,0.0035,0.007
489,448,False,0.0,0.0,27.07333353145974,28.950792026839185,3.5,7.0,0.02707333353145974,0.028950792026839187,0.0035,0.007
490,449,False,0.0,0.0,75.27343910234363,131.8867052264581,3.5,7.0,0.07527343910234363,0.1318867052264581,0.0035,0.007
491,450,False,0.0,0.0,21.53770360262009,109.93385206780562,3.5,7.0,0.02153770360262009,0.10993385206780562,0.0035,0.007
492,451,False,0.0,0.0,27.357644470321247,8.405945088294466,3.5,7.0,0.027357644470321248,0.008405945088294465,0.0035,0.007
493,452,False,0.0,0.0,14.491599184791617,111.7949686966917,3.5,7.0,0.014491599184791617,0.1117949686966917,0.0035,0.007
494,453,False,0.0,0.0,66.84254727267468,169.62004082369268,3.5,7.0,0.06684254727267468,0.16962004082369267,0.0035,0.007
495,454,False,0.0,0.0,67.30474584255185,97.74947680190058,3.5,7.0,0.06730474584255185,0.09774947680190059,0.0035,0.007
496,455,False,0.0,0.0,11.29735412978863,105.28953788233132,3.5,7.0,0.01129735412978863,0.10528953788233132,0.0035,0.007
497,456,False,0.0,0.0,47.5461778350254,155.79993901856312,3.5,7.0,0.0475461778350254,0.15579993901856312,0.0035,0.007
498,457,False,0.0,0.0,128.2599661778929,102.51611062097658,3.5,7.0,0.1282599661778929,0.10251611062097657,0.0035,0.007
499,458,False,0.0,0.0,72.03518811913348,104.25865499736774,3.5,7.0,0.07203518811913348,0.10425865499736774,0.0035,0.007
500,459,False,0.0,0.0,102.0019351833719,81.84957754257935,3.5,7.0,0.1020019351833719,0.08184957754257935,0.0035,0.007
501,460,False,0.0,0.0,91.48303574318814,130.18977760517444,3.5,7.0,0.09148303574318814,0.13018977760517444,0.0035,0.007
502,461,False,0.0,0.0,64.12081785265075,125.85323187929515,3.5,7.0,0.06412081785265075,0.12585323187929515,0.0035,0.007
503,462,False,0.0,0.0,76.63498113866838,60.15106807572319,3.5,7.0,0.07663498113866837,0.06015106807572319,0.0035,0.007
504,463,False,0.0,0.0,114.78293829480198,106.27064655080342,3.5,7.0,0.11478293829480198,0.10627064655080341,0.0035,0.007
505,464,False,0.0,0.0,132.4291525796215,150.7445018206853,3.5,7.0,0.1324291525796215,0.15074450182068527,0.0035,0.007
506,465,False,0.0,0.0,147.87807653810017,45.70662552535438,3.5,7.0,0.14787807653810017,0.045706625525354386,0.0035,0.007
507,466,False,0.0,0.0,103.18646727157052,25.72222736767967,3.5,7.0,0.10318646727157052,0.02572222736767967,0.0035,0.007
508,467,False,0.0,0.0,20.022224437038155,171.01709620700248,3.5,7.0,0.020022224437038154,0.17101709620700248,0.0035,0.007
509,468,False,0.0,0.0,77.62869541085503,42.003361039959366,3.5,7.0,0.07762869541085503,0.042003361039959365,0.0035,0.007
510,469,False,0.0,0.0,155.8176083438355,21.407438589568297,3.5,7.0,0.1558176083438355,0.021407438589568298,0.0035,0.007
511,470,False,0.0,0.0,63.381196206130305,84.13532325965178,3.5,7.0,0.06338119620613031,0.08413532325965178,0.0035,0.007
512,471,False,0.0,0.0,64.13698416243484,19.068114146655407,3.5,7.0,0.06413698416243484,0.019068114146655407,0.0035,0.007
513,472,False,0.0,0.0,93.8647340412676,70.31117188801393,3.5,7.0,0.09386473404126759,0.07031117188801393,0.0035,0.007
514,473,False,0.0,0.0,41.04476653665489,167.90980340744574,3.5,7.0,0.04104476653665489,0.16790980340744574,0.0035,0.007
515,474,False,0.0,0.0,120.88443928941523,100.20846671860821,3.5,7.0,0.12088443928941522,0.10020846671860821,0.0035,0.007
516,475,False,0.0,0.0,136.2461252652877,12.643801464703733,3.5,7.0,0.1362461252652877,0.012643801464703733,0.0035,0.007
517,476,False,0.0,0.0,30.145510357117022,121.28734848262798,3.5,7.0,0.03014551035711702,0.12128734848262798,0.0035,0.007
518,477,False,0.0,0.0,53.41240410594264,132.7543184289236,3.5,7.0,0.05341240410594264,0.1327543184289236,0.0035,0.007
519,478,False,0.0,0.0,86.82883027004189,144.14717650576043,3.5,7.0,0.08682883027004189,0.14414717650576042,0.0035,0.007
520,479,False,0.0,0.0,34.52943065449816,9.819774308746432,3.5,7.0,0.03452943065449816,0.009819774308746431,0.0035,0.007
521,480,False,0.0,0.0,154.04432463681482,99.3495819294414,3.5,7.0,0.15404432463681483,0.0993495819294414,0.0035,0.007
522,481,False,0.0,0.0,111.54776706081832,133.91345739314716,3.5,7.0,0.11154776706081831,0.13391345739314717,0.0035,0.007
523,482,False,0.0,0.0,131.73973199019548,82.85863966875716,3.5,7.0,0.13173973199019548,0.08285863966875716,0.0035,0.007
524,483,False,0.0,0.0,68.9306728839092,13.663006686471544,3.5,7.0,0.0689306728839092,0.013663006686471545,0.0035,0.007
525,484,False,0.0,0.0,126.27713722081009,95.30450983147738,3.5,7.0,0.12627713722081008,0.09530450983147737,0.0035,0.007
526,485,False,0.0,0.0,83.0259051111818,27.58354499815846,3.5,7.0,0.0830259051111818,0.02758354499815846,0.0035,0.007
527,486,False,0.0,0.0,49.13536994007312,163.00684263907422,3.5,7.0,0.04913536994007312,0.16300684263907422,0.0035,0.007
528,487,False,0.0,0.0,92.25391265046034,109.51615698655814,3.5,7.0,0.09225391265046033,0.10951615698655814,0.0035,0.007
529,488,False,0.0,0.0,73.03661259420355,139.52627000676412,3.5,7.0,0.07303661259420355,0.13952627000676412,0.0035,0.007
530,489,False,0.0,0.0,94.2821651726867,158.3262861495311,3.5,7.0,0.0942821651726867,0.1583262861495311,0.0035,0.007
531,490,False,0.0,0.0,110.3246027072407,24.732029051344956,3.5,7.0,0.1103246027072407,0.024732029051344955,0.0035,0.007
532,491,False,0.0,0.0,145.81066396902335,27.825495482226405,3.5,7.0,0.14581066396902334,0.027825495482226403,0.0035,0.007
533,492,False,0.0,0.0,109.33430618189647,1.6966159471495366,3.5,7.0,0.10933430618189646,0.0016966159471495366,0.0035,0.007
534,492,True,0.0,175.0,109.33430618189647,176.69661594714952,3.5,7.0,0.10933430618189646,0.17669661594714953,0.0035,0.007
535,493,False,0.0,0.0,128.0303922159913,21.981329005226037,3.5,7.0,0.1280303922159913,0.021981329005226036,0.0035,0.007
536,494,False,0.0,0.0,153.66543393210924,28.441573337974486,3.5,7.0,0.15366543393210924,0.028441573337974486,0.0035,0.007
537,495,False,0.0,0.0,59.37547301675428,77.49501131189739,3.5,7.0,0.05937547301675428,0.07749501131189739,0.0035,0.007
538,496,False,0.0,0.0,74.50252234070065,97.33866786177254,3.5,7.0,0.07450252234070065,0.09733866786177253,0.0035,0.007
539,497,False,0.0,0.0,24.698773519177514,137.70752157039163,3.5,7.0,0.024698773519177514,0.13770752157039162,0.0035,0.007
540,498,False,0.0,0.0,121.45614631180943,3.359116139967662,3.5,7.0,0.12145614631180944,0.003359116139967662,0.0035,0.007
541,498,True,0.0,175.0,121.45614631180943,178.35911613996765,3.5,7.0,0.12145614631180944,0.17835911613996766,0.0035,0.007
542,499,False,0.0,0.0,2.353988837869795,162.71857978476712,3.5,7.0,0.0023539888378697952,0.16271857978476711,0.0035,0.007
543,499,True,175.0,0.0,177.3539888378698,162.71857978476712,3.5,7.0,0.1773539888378698,0.16271857978476711,0.0035,0.007
544,500,False,0.0,0.0,13.3356325217472,23.890089890759807,3.5,7.0,0.013335632521747201,0.023890089890759806,0.0035,0.007
545,501,False,0.0,0.0,12.730827269697102,60.937008922901526,3.5,7.0,0.012730827269697102,0.06093700892290153,0.0035,0.007
546,502,False,0.0,0.0,141.7052637532218,150.63846290415486,3.5,7.0,0.1417052637532218,0.15063846290415486,0.0035,0.007
547,503,False,0.0,0.0,153.34155547088798,158.29212930863696,3.5,7.0,0.15334155547088799,0.15829212930863695,0.0035,0.007
548,504,False,0.0,0.0,11.479845676124771,140.84899026430122,3.5,7.0,0.011479845676124771,0.14084899026430123,0.0035,0.007
549,505,False,0.0,0.0,158.34054024486954,152.86765162070537,3.5,7.0,0.15834054024486954,0.15286765162070537,0.0035,0.007
550,506,False,0.0,0.0,114.7609833276842,96.34666964290078,3.5,7.0,0.1147609833276842,0.09634666964290078,0.0035,0.007
551,507,False,0.0,0.0,151.041133099676,136.25933944068296,3.5,7.0,0.15104113309967598,0.13625933944068297,0.0035,0.007
552,508,False,0.0,0.0,143.8098376299517,91.12982520418787,3.5,7.0,0.1438098376299517,0.09112982520418787,0.0035,0.007
553,509,False,0.0,0.0,17.61091299941029,135.9244281640525,3.5,7.0,0.01761091299941029,0.1359244281640525,0.0035,0.007
554,510,False,0.0,0.0,50.85012010763716,118.3564774492582,3.5,7.0,0.05085012010763716,0.11835647744925819,0.0035,0.007
555,511,False,0.0,0.0,31.019609795739868,142.7093719576489,3.5,7.0,0.031019609795739866,0.1427093719576489,0.0035,0.007
556,512,False,0.0,0.0,32.68879308884874,45.683885464601,3.5,7.0,0.03268879308884874,0.045683885464601,0.0035,0.007
557,513,False,0.0,0.0,18.304481868687464,82.58921980266139,3.5,7.0,0.018304481868687463,0.08258921980266139,0.0035,0.007
558,514,False,0.0,0.0,29.8602417753805,90.14735843635323,3.5,7.0,0.029860241775380502,0.09014735843635323,0.0035,0.007
559,515,False,0.0,0.0,78.08318414582214,109.38010982845708,3.5,7.0,0.07808318414582215,0.10938010982845708,0.0035,0.007
560,516,False,0.0,0.0,135.08031748232477,173.25380838387173,3.5,7.0,0.13508031748232477,0.17325380838387172,0.0035,0.007
561,516,True,0.0,-175.0,135.08031748232477,-1.7461916161282716,3.5,7.0,0.13508031748232477,-0.0017461916161282715,0.0035,0.007
562,517,False,0.0,0.0,101.71777069138788,157.4928251398187,3.5,7.0,0.10171777069138789,0.15749282513981872,0.0035,0.007
563,518,False,0.0,0.0,144.448720307343,60.17051829556155,3.5,7.0,0.144448720307343,0.06017051829556155,0.0035,0.007
564,519,False,0.0,0.0,33.130849858843405,97.61665497901802,3.5,7.0,0.0331308498588434,0.09761665497901802,0.0035,0.007
565,520,False,0.0,0.0,63.475792689216476,71.01418221828006,3.5,7.0,0.06347579268921648,0.07101418221828006,0.0035,0.007
566,521,False,0.0,0.0,79.64440753679243,142.5648246726859,3.5,7.0,0.07964440753679243,0.14256482467268589,0.0035,0.007
567,522,False,0.0,0.0,136.97297221078915,57.17993577417698,3.5,7.0,0.13697297221078916,0.05717993577417698,0.0035,0.007
568,523,False,0.0,0.0,47.5447173368034,45.72389960885795,3.5,7.0,0.047544717336803405,0.04572389960885795,0.0035,0.007
569,524,False,0.0,0.0,66.67673698123767,77.60938784074682,3.5,7.0,0.06667673698123766,0.07760938784074682,0.0035,0.007
570,525,False,0.0,0.0,11.981960189964449,53.67345063761198,3.5,7.0,0.011981960189964449,0.05367345063761198,0.0035,0.007
571,526,False,0.0,0.0,65.6554045283169,141.16031347336977,3.5,7.0,0.06565540452831689,0.14116031347336977,0.0035,0.007
572,527,False,0.0,0.0,144.5844253313654,74.64237825681722,3.5,7.0,0.1445844253313654,0.07464237825681723,0.0035,0.007
573,528,False,0.0,0.0,97.21053468049176,94.17122667007806,3.5,7.0,0.09721053468049176,0.09417122667007806,0.0035,0.007
574,529,False,0.0,0.0,26.961812157046282,56.71187779103784,3.5,7.0,0.02696181215704628,0.05671187779103784,0.0035,0.007
575,530,False,0.0,0.0,150.23781436997996,115.63959093250554,3.5,7.0,0.15023781436997996,0.11563959093250555,0.0035,0.007
576,531,False,0.0,0.0,149.23647352113687,123.40905136873089,3.5,7.0,0.14923647352113686,0.12340905136873088,0.0035,0.007
577,532,False,0.0,0.0,4.6571108139465744,53.085437757203955,3.5,7.0,0.004657110813946574,0.05308543775720396,0.0035,0.007
578,533,False,0.0,0.0,120.10452132083938,91.52933709162467,3.5,7.0,0.12010452132083939,0.09152933709162467,0.0035,0.007
579,534,False,0.0,0.0,105.26308363648634,46.278104830152635,3.5,7.0,0.10526308363648634,0.046278104830152635,0.0035,0.007
580,535,False,0.0,0.0,134.8323865955521,106.01194659022035,3.5,7.0,0.1348323865955521,0.10601194659022034,0.0035,0.007
581,536,False,0.0,0.0,131.37743623166926,62.04842923010239,3.5,7.0,0.13137743623166925,0.06204842923010239,0.0035,0.007
582,537,False,0.0,0.0,56.24174422131486,71.01772586555626,3.5,7.0,0.05624174422131486,0.07101772586555626,0.0035,0.007
583,538,False,0.0,0.0,166.33317521653436,94.7987795269306,3.5,7.0,0.16633317521653435,0.0947987795269306,0.0035,0.007
584,539,False,0.0,0.0,79.53700214128801,92.18303124831084,3.5,7.0,0.07953700214128802,0.09218303124831084,0.0035,0.007
585,540,False,0.0,0.0,138.29933496773967,64.34053432498703,3.5,7.0,0.13829933496773966,0.06434053432498703,0.0035,0.007
586,541,False,0.0,0.0,124.14493003858048,62.37128545793765,3.5,7.0,0.12414493003858049,0.06237128545793765,0.0035,0.007
587,542,False,0.0,0.0,82.51060101103435,132.16728648342,3.5,7.0,0.08251060101103436,0.13216728648342002,0.0035,0.007
588,543,False,0.0,0.0,134.58255279053446,98.76152746819866,3.5,7.0,0.13458255279053447,0.09876152746819866,0.0035,0.007
589,544,False,0.0,0.0,124.87116196653625,28.497560249847837,3.5,7.0,0.12487116196653625,0.028497560249847835,0.0035,0.007
590,545,False,0.0,0.0,60.86999318525747,165.40118679454798,3.5,7.0,0.06086999318525747,0.165401186794548,0.0035,0.007
591,546,False,0.0,0.0,24.19861140601047,157.71565511965062,3.5,7.0,0.02419861140601047,0.15771565511965063,0.0035,0.007
592,547,False,0.0,0.0,102.6643838634389,53.14796673395163,3.5,7.0,0.1026643838634389,0.053147966733951627,0.0035,0.007
593,548,False,0.0,0.0,37.80925275763118,145.28930112148055,3.5,7.0,0.03780925275763118,0.14528930112148056,0.0035,0.007
594,549,False,0.0,0.0,162.32429377915548,17.38327202455205,3.5,7.0,0.16232429377915547,0.01738327202455205,0.0035,0.007
595,550,False,0.0,0.0,142.16433609681042,125.29854458531206,3.5,7.0,0.14216433609681042,0.12529854458531206,0.0035,0.007
596,551,False,0.0,0.0,132.55944629947507,91.78738149510738,3.5,7.0,0.13255944629947508,0.09178738149510739,0.0035,0.007
597,552,False,0.0,0.0,108.85637975599828,143.26366401803426,3.5,7.0,0.10885637975599828,0.14326366401803425,0.0035,0.007
598,553,False,0.0,0.0,98.25377495343893,44.00307463797657,3.5,7.0,0.09825377495343894,0.04400307463797657,0.0035,0.007
599,554,False,0.0,0.0,55.486603574004086,170.35052444168048,3.5,7.0,0.05548660357400408,0.17035052444168047,0.0035,0.007
600,555,False,0.0,0.0,118.33404805381988,84.17745490615599,3.5,7.0,0.11833404805381989,0.08417745490615598,0.0035,0.007
601,556,False,0.0,0.0,113.15800372087196,89.19363726078855,3.5,7.0,0.11315800372087197,0.08919363726078855,0.0035,0.007
602,557,False,0.0,0.0,4.107892907523987,34.76515617485756,3.5,7.0,0.0041078929075239875,0.03476515617485756,0.0035,0.007
